<?xml version="1.0" encoding="UTF-8" ?>
  <XMLDB PATH="blocks/advrssfeed/db" VERSION="20130828" COMMENT="XMLDB file for Moodle blocks/advrssfeed">
    <TABLES>
      <TABLE NAME="block_advrssfeed" COMMENT="Default comment for block_advrssfeed, please edit me">
        <FIELDS>
          <FIELD NAME="id" TYPE="int" LENGTH="10" NOTNULL="true" SEQUENCE="true" />
        </FIELDS>
        <KEYS>
          <KEY NAME="primary" TYPE="primary" FIELDS="id" />
        </KEYS>
      </TABLE>
    </TABLES>
  </XMLDB>